SIZE,L,M,S
Time,5.192320,0.994358,0.098092
MFLOPS,2373.541315,2757.661446,3357.602251
